log_time,smi,signal,hist,raw_line,minute
2026-03-10 13:20:00,2026.0,,,"2026-03-10 13:20:00,648 | INFO | SPX0DTE | SMI bars prev_ts=2026-03-10 13:18:00-04:00 curr_ts=2026-03-10 13:19:00-04:00 | fast/slow prev=61.32/38.14 curr=75.85/57.00 | rising=True falling=False | recent_min=-48.67 recent_max=75.85 | crossOS=False crossOB=False | bull_confirm=True bear_confirm=False",2026-03-10 13:20:00
2026-03-10 13:25:00,2026.0,,,"2026-03-10 13:25:00,485 | INFO | SPX0DTE | SMI bars prev_ts=2026-03-10 13:23:00-04:00 curr_ts=2026-03-10 13:24:00-04:00 | fast/slow prev=35.18/41.63 curr=44.16/42.90 | rising=True falling=False | recent_min=35.18 recent_max=75.85 | crossOS=False crossOB=False | bull_confirm=True bear_confirm=False",2026-03-10 13:25:00
2026-03-10 13:38:00,2026.0,,,"2026-03-10 13:38:00,527 | INFO | SPX0DTE | SMI bars prev_ts=2026-03-10 13:36:00-04:00 curr_ts=2026-03-10 13:37:00-04:00 | fast/slow prev=-89.67/-74.89 curr=-93.37/-84.13 | rising=False falling=True | recent_min=-93.37 recent_max=55.80 | crossOS=False crossOB=False | bull_confirm=False bear_confirm=True",2026-03-10 13:38:00
2026-03-10 13:42:00,2026.0,,,"2026-03-10 13:42:00,380 | INFO | SPX0DTE | SMI bars prev_ts=2026-03-10 13:40:00-04:00 curr_ts=2026-03-10 13:41:00-04:00 | fast/slow prev=-64.11/-72.93 curr=-35.98/-54.46 | rising=True falling=False | recent_min=-93.37 recent_max=-35.98 | crossOS=True crossOB=False | bull_confirm=True bear_confirm=False",2026-03-10 13:42:00
2026-03-10 13:49:00,2026.0,,,"2026-03-10 13:49:00,415 | INFO | SPX0DTE | SMI bars prev_ts=2026-03-10 13:47:00-04:00 curr_ts=2026-03-10 13:48:00-04:00 | fast/slow prev=33.38/20.17 curr=61.70/40.94 | rising=True falling=False | recent_min=-35.98 recent_max=61.70 | crossOS=False crossOB=False | bull_confirm=True bear_confirm=False",2026-03-10 13:49:00
2026-03-10 13:51:00,2026.0,,,"2026-03-10 13:51:00,797 | INFO | SPX0DTE | SMI bars prev_ts=2026-03-10 13:49:00-04:00 curr_ts=2026-03-10 13:50:00-04:00 | fast/slow prev=64.10/52.52 curr=63.23/57.87 | rising=False falling=True | recent_min=5.04 recent_max=64.10 | crossOS=False crossOB=False | bull_confirm=False bear_confirm=False",2026-03-10 13:51:00
2026-03-10 13:52:00,2026.0,,,"2026-03-10 13:52:00,423 | INFO | SPX0DTE | SMI bars prev_ts=2026-03-10 13:50:00-04:00 curr_ts=2026-03-10 13:51:00-04:00 | fast/slow prev=63.23/57.87 curr=67.56/62.72 | rising=True falling=False | recent_min=5.64 recent_max=67.56 | crossOS=False crossOB=False | bull_confirm=True bear_confirm=False",2026-03-10 13:52:00
2026-03-10 14:00:00,2026.0,,,"2026-03-10 14:00:00,541 | INFO | SPX0DTE | SMI bars prev_ts=2026-03-10 13:58:00-04:00 curr_ts=2026-03-10 13:59:00-04:00 | fast/slow prev=1.39/4.65 curr=4.22/4.43 | rising=True falling=False | recent_min=-10.70 recent_max=72.52 | crossOS=False crossOB=False | bull_confirm=False bear_confirm=False",2026-03-10 14:00:00
2026-03-10 14:07:00,2026.0,,,"2026-03-10 14:07:00,300 | INFO | SPX0DTE | SMI bars prev_ts=2026-03-10 14:05:00-04:00 curr_ts=2026-03-10 14:06:00-04:00 | fast/slow prev=-13.40/-16.86 curr=-40.17/-28.51 | rising=False falling=True | recent_min=-41.25 recent_max=4.22 | crossOS=False crossOB=False | bull_confirm=False bear_confirm=True",2026-03-10 14:07:00
2026-03-10 14:08:00,2026.0,,,"2026-03-10 14:08:00,423 | INFO | SPX0DTE | SMI bars prev_ts=2026-03-10 14:06:00-04:00 curr_ts=2026-03-10 14:07:00-04:00 | fast/slow prev=-40.17/-28.51 curr=-57.58/-43.05 | rising=False falling=True | recent_min=-57.58 recent_max=-8.54 | crossOS=False crossOB=False | bull_confirm=False bear_confirm=True",2026-03-10 14:08:00
2026-03-10 14:15:02,2026.0,,,"2026-03-10 14:15:02,477 | INFO | SPX0DTE | SMI bars prev_ts=2026-03-10 14:13:00-04:00 curr_ts=2026-03-10 14:14:00-04:00 | fast/slow prev=-43.62/-45.22 curr=-77.91/-61.56 | rising=False falling=True | recent_min=-81.14 recent_max=-25.47 | crossOS=False crossOB=False | bull_confirm=False bear_confirm=True",2026-03-10 14:15:00
2026-03-10 14:16:24,2026.0,,,"2026-03-10 14:16:24,348 | INFO | SPX0DTE | SMI bars prev_ts=2026-03-10 14:14:00-04:00 curr_ts=2026-03-10 14:15:00-04:00 | fast/slow prev=-77.91/-61.56 curr=-72.08/-66.82 | rising=True falling=False | recent_min=-81.14 recent_max=-25.47 | crossOS=False crossOB=False | bull_confirm=False bear_confirm=False",2026-03-10 14:16:00
2026-03-10 14:22:00,2026.0,,,"2026-03-10 14:22:00,405 | INFO | SPX0DTE | SMI bars prev_ts=2026-03-10 14:20:00-04:00 curr_ts=2026-03-10 14:21:00-04:00 | fast/slow prev=-76.27/-78.04 curr=-78.58/-78.31 | rising=False falling=True | recent_min=-83.11 recent_max=-72.08 | crossOS=False crossOB=False | bull_confirm=False bear_confirm=True",2026-03-10 14:22:00
2026-03-10 14:28:00,2026.0,,,"2026-03-10 14:28:00,328 | INFO | SPX0DTE | SMI bars prev_ts=2026-03-10 14:26:00-04:00 curr_ts=2026-03-10 14:27:00-04:00 | fast/slow prev=49.91/19.92 curr=65.88/42.90 | rising=True falling=False | recent_min=-78.58 recent_max=65.88 | crossOS=False crossOB=False | bull_confirm=True bear_confirm=False",2026-03-10 14:28:00
2026-03-10 14:35:00,2026.0,,,"2026-03-10 14:35:00,501 | INFO | SPX0DTE | SMI bars prev_ts=2026-03-10 14:33:00-04:00 curr_ts=2026-03-10 14:34:00-04:00 | fast/slow prev=36.49/42.06 curr=26.70/34.38 | rising=False falling=True | recent_min=26.70 recent_max=66.86 | crossOS=False crossOB=False | bull_confirm=False bear_confirm=True",2026-03-10 14:35:00
2026-03-10 14:56:00,2026.0,,,"2026-03-10 14:56:00,433 | INFO | SPX0DTE | SMI bars prev_ts=2026-03-10 14:54:00-04:00 curr_ts=2026-03-10 14:55:00-04:00 | fast/slow prev=-40.42/-25.12 curr=-59.27/-42.20 | rising=False falling=True | recent_min=-59.27 recent_max=27.67 | crossOS=False crossOB=False | bull_confirm=False bear_confirm=True",2026-03-10 14:56:00
2026-03-10 14:58:00,2026.0,,,"2026-03-10 14:58:00,343 | INFO | SPX0DTE | SMI bars prev_ts=2026-03-10 14:56:00-04:00 curr_ts=2026-03-10 14:57:00-04:00 | fast/slow prev=-63.92/-53.06 curr=-57.22/-55.14 | rising=True falling=False | recent_min=-63.92 recent_max=27.67 | crossOS=False crossOB=False | bull_confirm=False bear_confirm=False",2026-03-10 14:58:00
2026-03-10 15:10:00,2026.0,,,"2026-03-10 15:10:00,806 | INFO | SPX0DTE | SMI bars prev_ts=2026-03-10 15:08:00-04:00 curr_ts=2026-03-10 15:09:00-04:00 | fast/slow prev=9.53/-3.24 curr=27.94/12.35 | rising=True falling=False | recent_min=-34.32 recent_max=27.94 | crossOS=False crossOB=False | bull_confirm=True bear_confirm=False",2026-03-10 15:10:00
2026-03-10 15:15:07,2026.0,,,"2026-03-10 15:15:07,637 | INFO | SPX0DTE | SMI bars prev_ts=2026-03-10 15:13:00-04:00 curr_ts=2026-03-10 15:14:00-04:00 | fast/slow prev=-10.59/-0.96 curr=12.92/5.98 | rising=True falling=False | recent_min=-19.18 recent_max=36.11 | crossOS=False crossOB=False | bull_confirm=True bear_confirm=False",2026-03-10 15:15:00
2026-03-10 15:20:00,2026.0,,,"2026-03-10 15:20:00,856 | INFO | SPX0DTE | SMI bars prev_ts=2026-03-10 15:18:00-04:00 curr_ts=2026-03-10 15:19:00-04:00 | fast/slow prev=67.44/54.52 curr=66.49/60.51 | rising=False falling=True | recent_min=-10.59 recent_max=67.44 | crossOS=False crossOB=False | bull_confirm=False bear_confirm=False",2026-03-10 15:20:00
2026-03-10 15:21:07,2026.0,,,"2026-03-10 15:21:07,449 | INFO | SPX0DTE | SMI bars prev_ts=2026-03-10 15:19:00-04:00 curr_ts=2026-03-10 15:20:00-04:00 | fast/slow prev=66.49/60.51 curr=27.34/43.93 | rising=False falling=True | recent_min=-10.59 recent_max=67.44 | crossOS=False crossOB=True | bull_confirm=False bear_confirm=True",2026-03-10 15:21:00
2026-03-10 15:28:00,2026.0,,,"2026-03-10 15:28:00,371 | INFO | SPX0DTE | SMI bars prev_ts=2026-03-10 15:26:00-04:00 curr_ts=2026-03-10 15:27:00-04:00 | fast/slow prev=-46.18/-34.46 curr=-50.44/-42.45 | rising=False falling=True | recent_min=-50.44 recent_max=27.34 | crossOS=False crossOB=False | bull_confirm=False bear_confirm=True",2026-03-10 15:28:00
2026-03-10 15:33:00,2026.0,,,"2026-03-10 15:33:00,546 | INFO | SPX0DTE | SMI bars prev_ts=2026-03-10 15:31:00-04:00 curr_ts=2026-03-10 15:32:00-04:00 | fast/slow prev=-72.46/-68.63 curr=-61.40/-65.02 | rising=True falling=False | recent_min=-72.46 recent_max=-26.24 | crossOS=False crossOB=False | bull_confirm=True bear_confirm=False",2026-03-10 15:33:00
2026-03-10 15:36:00,2026.0,,,"2026-03-10 15:36:00,371 | INFO | SPX0DTE | SMI bars prev_ts=2026-03-10 15:34:00-04:00 curr_ts=2026-03-10 15:35:00-04:00 | fast/slow prev=-46.28/-52.71 curr=-55.15/-53.93 | rising=False falling=True | recent_min=-72.46 recent_max=-46.28 | crossOS=False crossOB=False | bull_confirm=False bear_confirm=True",2026-03-10 15:36:00
2026-03-11 01:55:07,2026.0,,,"2026-03-11 01:55:07,312 | INFO | SPX0DTE | SMI bars prev_ts=2026-03-10 15:58:00-04:00 curr_ts=2026-03-10 15:59:00-04:00 | fast/slow prev=-32.00/-33.19 curr=-7.22/-20.21 | rising=True falling=False | recent_min=-55.05 recent_max=-7.22 | crossOS=False crossOB=False | bull_confirm=True bear_confirm=False",2026-03-11 01:55:00
2026-03-11 01:56:42,2026.0,,,"2026-03-11 01:56:42,761 | INFO | SPX0DTE | SMI bars prev_ts=2026-03-10 15:58:00-04:00 curr_ts=2026-03-10 15:59:00-04:00 | fast/slow prev=-32.00/-33.19 curr=-7.22/-20.21 | rising=True falling=False | recent_min=-55.05 recent_max=-7.22 | crossOS=False crossOB=False | bull_confirm=True bear_confirm=False",2026-03-11 01:56:00
2026-03-11 01:58:35,2026.0,,,"2026-03-11 01:58:35,329 | INFO | SPX0DTE | SMI bars prev_ts=2026-03-10 15:58:00-04:00 curr_ts=2026-03-10 15:59:00-04:00 | fast/slow prev=-32.00/-33.19 curr=-7.22/-20.21 | rising=True falling=False | recent_min=-55.05 recent_max=-7.22 | crossOS=False crossOB=False | bull_confirm=True bear_confirm=False",2026-03-11 01:58:00
2026-03-11 02:02:56,2026.0,,,"2026-03-11 02:02:56,660 | INFO | SPX0DTE | SMI bars prev_ts=2026-03-10 15:58:00-04:00 curr_ts=2026-03-10 15:59:00-04:00 | fast/slow prev=-32.00/-33.19 curr=-7.22/-20.21 | rising=True falling=False | recent_min=-55.05 recent_max=-7.22 | crossOS=False crossOB=False | bull_confirm=True bear_confirm=False",2026-03-11 02:02:00
2026-03-11 10:34:00,2026.0,,,"2026-03-11 10:34:00,377 | INFO | SPX0DTE | SMI bars prev_ts=2026-03-11 10:32:00-04:00 curr_ts=2026-03-11 10:33:00-04:00 | fast/slow prev=3.63/-6.84 curr=-20.32/-13.58 | rising=False falling=True | recent_min=-87.99 recent_max=5.40 | crossOS=False crossOB=False | bull_confirm=False bear_confirm=True",2026-03-11 10:34:00
2026-03-11 10:36:13,2026.0,,,"2026-03-11 10:36:13,041 | INFO | SPX0DTE | SMI bars prev_ts=2026-03-11 10:34:00-04:00 curr_ts=2026-03-11 10:35:00-04:00 | fast/slow prev=-40.14/-26.86 curr=-38.12/-32.49 | rising=True falling=False | recent_min=-81.79 recent_max=5.40 | crossOS=True crossOB=False | bull_confirm=False bear_confirm=False",2026-03-11 10:36:00
2026-03-11 10:37:00,2026.0,,,"2026-03-11 10:37:00,308 | INFO | SPX0DTE | SMI bars prev_ts=2026-03-11 10:35:00-04:00 curr_ts=2026-03-11 10:36:00-04:00 | fast/slow prev=-38.12/-32.49 curr=-6.79/-19.64 | rising=True falling=False | recent_min=-53.30 recent_max=5.40 | crossOS=False crossOB=False | bull_confirm=True bear_confirm=False",2026-03-11 10:37:00
2026-03-11 11:15:00,2026.0,,,"2026-03-11 11:15:00,349 | INFO | SPX0DTE | SMI bars prev_ts=2026-03-11 11:13:00-04:00 curr_ts=2026-03-11 11:14:00-04:00 | fast/slow prev=-71.80/-71.61 curr=-64.87/-68.24 | rising=True falling=False | recent_min=-81.57 recent_max=-36.01 | crossOS=False crossOB=False | bull_confirm=True bear_confirm=False",2026-03-11 11:15:00
2026-03-11 11:20:44,2026.0,,,"2026-03-11 11:20:44,062 | INFO | SPX0DTE | SMI bars prev_ts=2026-03-11 11:18:00-04:00 curr_ts=2026-03-11 11:19:00-04:00 | fast/slow prev=-66.89/-70.56 curr=-49.23/-59.90 | rising=True falling=False | recent_min=-81.57 recent_max=-49.23 | crossOS=False crossOB=False | bull_confirm=True bear_confirm=False",2026-03-11 11:20:00
2026-03-11 12:34:00,2026.0,,,"2026-03-11 12:34:00,502 | INFO | SPX0DTE | SMI bars prev_ts=2026-03-11 12:32:00-04:00 curr_ts=2026-03-11 12:33:00-04:00 | fast/slow prev=81.64/79.59 curr=80.73/80.16 | rising=False falling=True | recent_min=26.01 recent_max=89.56 | crossOS=False crossOB=False | bull_confirm=False bear_confirm=False",2026-03-11 12:34:00
2026-03-11 12:36:06,2026.0,,,"2026-03-11 12:36:06,815 | INFO | SPX0DTE | SMI bars prev_ts=2026-03-11 12:34:00-04:00 curr_ts=2026-03-11 12:35:00-04:00 | fast/slow prev=83.18/81.67 curr=85.90/83.79 | rising=True falling=False | recent_min=46.62 recent_max=89.56 | crossOS=False crossOB=False | bull_confirm=True bear_confirm=False",2026-03-11 12:36:00
2026-03-11 12:37:00,2026.0,,,"2026-03-11 12:37:00,519 | INFO | SPX0DTE | SMI bars prev_ts=2026-03-11 12:35:00-04:00 curr_ts=2026-03-11 12:36:00-04:00 | fast/slow prev=85.90/83.79 curr=77.93/80.86 | rising=False falling=True | recent_min=64.14 recent_max=89.56 | crossOS=False crossOB=False | bull_confirm=False bear_confirm=True",2026-03-11 12:37:00
2026-03-11 12:44:00,2026.0,,,"2026-03-11 12:44:00,354 | INFO | SPX0DTE | SMI bars prev_ts=2026-03-11 12:42:00-04:00 curr_ts=2026-03-11 12:43:00-04:00 | fast/slow prev=41.02/32.09 curr=35.65/33.87 | rising=False falling=True | recent_min=2.20 recent_max=77.93 | crossOS=False crossOB=True | bull_confirm=False bear_confirm=False",2026-03-11 12:44:00
2026-03-11 12:45:00,2026.0,,,"2026-03-11 12:45:00,443 | INFO | SPX0DTE | SMI bars prev_ts=2026-03-11 12:43:00-04:00 curr_ts=2026-03-11 12:44:00-04:00 | fast/slow prev=35.65/33.87 curr=17.70/25.79 | rising=False falling=True | recent_min=2.20 recent_max=77.20 | crossOS=False crossOB=False | bull_confirm=False bear_confirm=True",2026-03-11 12:45:00
2026-03-11 12:49:00,2026.0,,,"2026-03-11 12:49:00,343 | INFO | SPX0DTE | SMI bars prev_ts=2026-03-11 12:47:00-04:00 curr_ts=2026-03-11 12:48:00-04:00 | fast/slow prev=1.97/0.59 curr=-0.15/0.22 | rising=False falling=True | recent_min=-11.14 recent_max=41.02 | crossOS=False crossOB=False | bull_confirm=False bear_confirm=True",2026-03-11 12:49:00
2026-03-11 12:54:00,2026.0,,,"2026-03-11 12:54:00,380 | INFO | SPX0DTE | SMI bars prev_ts=2026-03-11 12:52:00-04:00 curr_ts=2026-03-11 12:53:00-04:00 | fast/slow prev=34.78/20.17 curr=57.07/38.62 | rising=True falling=False | recent_min=-12.38 recent_max=57.07 | crossOS=False crossOB=False | bull_confirm=True bear_confirm=False",2026-03-11 12:54:00
2026-03-11 12:56:20,2026.0,,,"2026-03-11 12:56:20,047 | INFO | SPX0DTE | SMI bars prev_ts=2026-03-11 12:54:00-04:00 curr_ts=2026-03-11 12:55:00-04:00 | fast/slow prev=70.76/54.69 curr=65.76/60.23 | rising=False falling=True | recent_min=-12.38 recent_max=70.76 | crossOS=False crossOB=False | bull_confirm=False bear_confirm=False",2026-03-11 12:56:00
2026-03-11 12:57:00,2026.0,,,"2026-03-11 12:57:00,326 | INFO | SPX0DTE | SMI bars prev_ts=2026-03-11 12:55:00-04:00 curr_ts=2026-03-11 12:56:00-04:00 | fast/slow prev=65.76/60.23 curr=57.95/59.09 | rising=False falling=True | recent_min=-12.38 recent_max=70.76 | crossOS=False crossOB=False | bull_confirm=False bear_confirm=True",2026-03-11 12:57:00
2026-03-11 13:01:34,2026.0,,,"2026-03-11 13:01:34,143 | INFO | SPX0DTE | SMI bars prev_ts=2026-03-11 12:59:00-04:00 curr_ts=2026-03-11 13:00:00-04:00 | fast/slow prev=81.08/73.37 curr=78.75/76.06 | rising=False falling=True | recent_min=57.07 recent_max=81.08 | crossOS=False crossOB=False | bull_confirm=False bear_confirm=False",2026-03-11 13:01:00
2026-03-11 13:02:00,2026.0,,,"2026-03-11 13:02:00,392 | INFO | SPX0DTE | SMI bars prev_ts=2026-03-11 13:00:00-04:00 curr_ts=2026-03-11 13:01:00-04:00 | fast/slow prev=78.75/76.06 curr=66.32/71.19 | rising=False falling=True | recent_min=57.95 recent_max=81.08 | crossOS=False crossOB=False | bull_confirm=False bear_confirm=True",2026-03-11 13:02:00
2026-03-11 13:28:00,2026.0,,,"2026-03-11 13:28:00,545 | INFO | SPX0DTE | SMI bars prev_ts=2026-03-11 13:26:00-04:00 curr_ts=2026-03-11 13:27:00-04:00 | fast/slow prev=75.88/69.26 curr=70.31/69.79 | rising=False falling=True | recent_min=-21.42 recent_max=75.88 | crossOS=False crossOB=False | bull_confirm=False bear_confirm=False",2026-03-11 13:28:00
2026-03-11 13:29:00,2026.0,,,"2026-03-11 13:29:00,368 | INFO | SPX0DTE | SMI bars prev_ts=2026-03-11 13:27:00-04:00 curr_ts=2026-03-11 13:28:00-04:00 | fast/slow prev=70.31/69.79 curr=54.39/62.09 | rising=False falling=True | recent_min=7.13 recent_max=75.88 | crossOS=False crossOB=False | bull_confirm=False bear_confirm=True",2026-03-11 13:29:00
2026-03-11 14:34:00,2026.0,,,"2026-03-11 14:34:00,430 | INFO | SPX0DTE | SMI bars prev_ts=2026-03-11 14:32:00-04:00 curr_ts=2026-03-11 14:33:00-04:00 | fast/slow prev=62.08/60.92 curr=49.90/55.41 | rising=False falling=True | recent_min=1.85 recent_max=70.72 | crossOS=False crossOB=False | bull_confirm=False bear_confirm=True",2026-03-11 14:34:00
2026-03-11 14:38:00,2026.0,,,"2026-03-11 14:38:00,368 | INFO | SPX0DTE | SMI bars prev_ts=2026-03-11 14:36:00-04:00 curr_ts=2026-03-11 14:37:00-04:00 | fast/slow prev=34.64/42.06 curr=12.36/27.21 | rising=False falling=True | recent_min=12.36 recent_max=70.72 | crossOS=False crossOB=False | bull_confirm=False bear_confirm=True",2026-03-11 14:38:00
2026-03-11 14:41:00,2026.0,,,"2026-03-11 14:41:00,331 | INFO | SPX0DTE | SMI bars prev_ts=2026-03-11 14:39:00-04:00 curr_ts=2026-03-11 14:40:00-04:00 | fast/slow prev=-26.12/-5.73 curr=-41.84/-23.79 | rising=False falling=True | recent_min=-41.84 recent_max=53.70 | crossOS=False crossOB=False | bull_confirm=False bear_confirm=True",2026-03-11 14:41:00
2026-03-11 14:48:00,2026.0,,,"2026-03-11 14:48:00,401 | INFO | SPX0DTE | SMI bars prev_ts=2026-03-11 14:46:00-04:00 curr_ts=2026-03-11 14:47:00-04:00 | fast/slow prev=0.74/-15.69 curr=11.47/-2.11 | rising=True falling=False | recent_min=-63.26 recent_max=11.47 | crossOS=False crossOB=False | bull_confirm=True bear_confirm=False",2026-03-11 14:48:00
2026-03-11 14:50:45,2026.0,,,"2026-03-11 14:50:45,112 | INFO | SPX0DTE | SMI bars prev_ts=2026-03-11 14:48:00-04:00 curr_ts=2026-03-11 14:49:00-04:00 | fast/slow prev=-14.32/-8.21 curr=-41.94/-25.07 | rising=False falling=True | recent_min=-63.26 recent_max=11.47 | crossOS=False crossOB=False | bull_confirm=False bear_confirm=True",2026-03-11 14:50:00
2026-03-11 14:51:15,2026.0,,,"2026-03-11 14:51:15,625 | INFO | SPX0DTE | SMI bars prev_ts=2026-03-11 14:49:00-04:00 curr_ts=2026-03-11 14:50:00-04:00 | fast/slow prev=-41.94/-25.07 curr=-45.44/-35.26 | rising=False falling=True | recent_min=-59.46 recent_max=11.47 | crossOS=False crossOB=False | bull_confirm=False bear_confirm=True",2026-03-11 14:51:00
2026-03-11 14:52:00,2026.0,,,"2026-03-11 14:52:00,309 | INFO | SPX0DTE | SMI bars prev_ts=2026-03-11 14:50:00-04:00 curr_ts=2026-03-11 14:51:00-04:00 | fast/slow prev=-45.44/-35.26 curr=-7.02/-21.14 | rising=True falling=False | recent_min=-45.44 recent_max=11.47 | crossOS=True crossOB=False | bull_confirm=True bear_confirm=False",2026-03-11 14:52:00
2026-03-11 15:05:00,2026.0,,,"2026-03-11 15:05:00,329 | INFO | SPX0DTE | SMI bars prev_ts=2026-03-11 15:03:00-04:00 curr_ts=2026-03-11 15:04:00-04:00 | fast/slow prev=-52.41/-45.90 curr=-38.94/-42.42 | rising=True falling=False | recent_min=-56.58 recent_max=14.21 | crossOS=True crossOB=False | bull_confirm=True bear_confirm=False",2026-03-11 15:05:00
2026-03-11 15:08:00,2026.0,,,"2026-03-11 15:08:00,355 | INFO | SPX0DTE | SMI bars prev_ts=2026-03-11 15:06:00-04:00 curr_ts=2026-03-11 15:07:00-04:00 | fast/slow prev=-36.55/-39.62 curr=-27.31/-33.46 | rising=True falling=False | recent_min=-56.58 recent_max=-16.91 | crossOS=False crossOB=False | bull_confirm=True bear_confirm=False",2026-03-11 15:08:00
2026-03-11 15:18:00,2026.0,,,"2026-03-11 15:18:00,374 | INFO | SPX0DTE | SMI bars prev_ts=2026-03-11 15:16:00-04:00 curr_ts=2026-03-11 15:17:00-04:00 | fast/slow prev=-48.72/-50.53 curr=0.58/-24.98 | rising=True falling=False | recent_min=-64.41 recent_max=14.29 | crossOS=True crossOB=False | bull_confirm=True bear_confirm=False",2026-03-11 15:18:00
2026-03-11 15:25:00,2026.0,,,"2026-03-11 15:25:00,396 | INFO | SPX0DTE | SMI bars prev_ts=2026-03-11 15:23:00-04:00 curr_ts=2026-03-11 15:24:00-04:00 | fast/slow prev=-6.71/15.45 curr=-9.64/2.90 | rising=False falling=True | recent_min=-9.64 recent_max=72.63 | crossOS=False crossOB=False | bull_confirm=False bear_confirm=True",2026-03-11 15:25:00
2026-03-11 15:28:00,2026.0,,,"2026-03-11 15:28:00,410 | INFO | SPX0DTE | SMI bars prev_ts=2026-03-11 15:26:00-04:00 curr_ts=2026-03-11 15:27:00-04:00 | fast/slow prev=28.35/18.11 curr=33.88/26.00 | rising=True falling=False | recent_min=-9.64 recent_max=72.63 | crossOS=False crossOB=False | bull_confirm=True bear_confirm=False",2026-03-11 15:28:00
2026-03-11 15:29:02,2026.0,,,"2026-03-11 15:29:02,856 | INFO | SPX0DTE | SMI bars prev_ts=2026-03-11 15:27:00-04:00 curr_ts=2026-03-11 15:28:00-04:00 | fast/slow prev=33.88/26.00 curr=21.52/23.76 | rising=False falling=True | recent_min=-9.64 recent_max=58.55 | crossOS=False crossOB=False | bull_confirm=False bear_confirm=True",2026-03-11 15:29:00
2026-03-11 15:31:29,2026.0,,,"2026-03-11 15:31:29,343 | INFO | SPX0DTE | SMI bars prev_ts=2026-03-11 15:29:00-04:00 curr_ts=2026-03-11 15:30:00-04:00 | fast/slow prev=13.17/18.47 curr=12.97/15.72 | rising=False falling=True | recent_min=-9.64 recent_max=33.88 | crossOS=False crossOB=False | bull_confirm=False bear_confirm=True",2026-03-11 15:31:00
2026-03-11 15:32:00,2026.0,,,"2026-03-11 15:32:00,344 | INFO | SPX0DTE | SMI bars prev_ts=2026-03-11 15:30:00-04:00 curr_ts=2026-03-11 15:31:00-04:00 | fast/slow prev=12.97/15.72 curr=-6.73/4.49 | rising=False falling=True | recent_min=-9.64 recent_max=33.88 | crossOS=False crossOB=False | bull_confirm=False bear_confirm=True",2026-03-11 15:32:00
2026-03-11 15:33:00,2026.0,,,"2026-03-11 15:33:00,362 | INFO | SPX0DTE | SMI bars prev_ts=2026-03-11 15:31:00-04:00 curr_ts=2026-03-11 15:32:00-04:00 | fast/slow prev=-6.73/4.49 curr=12.56/8.53 | rising=True falling=False | recent_min=-6.73 recent_max=33.88 | crossOS=False crossOB=False | bull_confirm=True bear_confirm=False",2026-03-11 15:33:00
2026-03-11 15:34:00,2026.0,,,"2026-03-11 15:34:00,387 | INFO | SPX0DTE | SMI bars prev_ts=2026-03-11 15:32:00-04:00 curr_ts=2026-03-11 15:33:00-04:00 | fast/slow prev=12.56/8.53 curr=43.57/26.05 | rising=True falling=False | recent_min=-6.73 recent_max=43.57 | crossOS=False crossOB=False | bull_confirm=True bear_confirm=False",2026-03-11 15:34:00
2026-03-11 15:35:00,2026.0,,,"2026-03-11 15:35:00,858 | INFO | SPX0DTE | SMI bars prev_ts=2026-03-11 15:33:00-04:00 curr_ts=2026-03-11 15:34:00-04:00 | fast/slow prev=43.57/26.05 curr=62.81/44.43 | rising=True falling=False | recent_min=-6.73 recent_max=62.81 | crossOS=False crossOB=False | bull_confirm=True bear_confirm=False",2026-03-11 15:35:00
2026-03-11 15:36:07,2026.0,,,"2026-03-11 15:36:07,411 | INFO | SPX0DTE | SMI bars prev_ts=2026-03-11 15:34:00-04:00 curr_ts=2026-03-11 15:35:00-04:00 | fast/slow prev=62.81/44.43 curr=61.59/53.01 | rising=False falling=True | recent_min=-6.73 recent_max=62.81 | crossOS=False crossOB=False | bull_confirm=False bear_confirm=False",2026-03-11 15:36:00
2026-03-11 15:37:00,2026.0,,,"2026-03-11 15:37:00,316 | INFO | SPX0DTE | SMI bars prev_ts=2026-03-11 15:35:00-04:00 curr_ts=2026-03-11 15:36:00-04:00 | fast/slow prev=61.59/53.01 curr=59.17/56.09 | rising=False falling=True | recent_min=-6.73 recent_max=62.81 | crossOS=False crossOB=False | bull_confirm=False bear_confirm=False",2026-03-11 15:37:00
2026-03-11 15:38:00,2026.0,,,"2026-03-11 15:38:00,389 | INFO | SPX0DTE | SMI bars prev_ts=2026-03-11 15:36:00-04:00 curr_ts=2026-03-11 15:37:00-04:00 | fast/slow prev=59.17/56.09 curr=56.88/56.48 | rising=False falling=True | recent_min=-6.73 recent_max=62.81 | crossOS=False crossOB=False | bull_confirm=False bear_confirm=False",2026-03-11 15:38:00
2026-03-11 15:39:01,2026.0,,,"2026-03-11 15:39:01,082 | INFO | SPX0DTE | SMI bars prev_ts=2026-03-11 15:37:00-04:00 curr_ts=2026-03-11 15:38:00-04:00 | fast/slow prev=56.88/56.48 curr=54.91/55.70 | rising=False falling=True | recent_min=-6.73 recent_max=62.81 | crossOS=False crossOB=False | bull_confirm=False bear_confirm=True",2026-03-11 15:39:00
2026-03-11 15:43:00,2026.0,,,"2026-03-11 15:43:00,407 | INFO | SPX0DTE | SMI bars prev_ts=2026-03-11 15:41:00-04:00 curr_ts=2026-03-11 15:42:00-04:00 | fast/slow prev=32.91/44.89 curr=5.57/25.23 | rising=False falling=True | recent_min=5.57 recent_max=61.59 | crossOS=False crossOB=False | bull_confirm=False bear_confirm=True",2026-03-11 15:43:00
