file,bot_id,line_no,header_ts,header_tz,header_action,model,symbol,time_line,prob_up,prob_down,thresh_long_a,thresh_long_b,thresh_short_a,thresh_short_b,price_used_open,price_used_close,position_side,position_price,pnl,action,reason,executed
bot_450_TSLA_AlgoMM.log,450,2,2025-12-08 09:31:32,EST,OPEN_LONG,/var/www/stockwicks/models/mm2_TSLA_5min_k3.joblib,TSLA,2025-12-08 09:51:31 EST,0.456,0.544,0.55,0.5,0.45,0.5,447.09,446.08,LONG,447.22,-7.63,OPEN_LONG,PROBABILITY_DROP,False
bot_450_TSLA_AlgoMM.log,450,107,2025-12-08 09:56:30,EST,OPEN_SHORT,/var/www/stockwicks/models/mm2_TSLA_5min_k3.joblib,TSLA,2025-12-08 12:11:28 EST,0.545,0.455,0.55,0.5,0.45,0.5,437.92,437.71,SHORT,445.88,39.95,OPEN_SHORT,BOTH_PROBS_BELOW_THRESHOLDS,False
bot_450_TSLA_AlgoMM.log,450,695,2025-12-08 12:16:31,EST,OPEN_LONG,/var/www/stockwicks/models/mm2_TSLA_5min_k3.joblib,TSLA,2025-12-08 15:51:29 EST,0.61,0.39,0.55,0.5,0.45,0.5,437.66,438.1,LONG,437.39,3.57,OPEN_LONG,EXIT_CONDITIONS_NOT_MET,False
bot_453_TSLA_AlgoMM.log,453,2,2025-12-09 09:30:12,EST,OPEN_LONG,/var/www/stockwicks/models/mm2_TSLA_10min_k3.joblib,TSLA,2025-12-09 10:00:12 EST,0.429,0.571,0.55,0.5,0.45,0.5,444.53,444.5,LONG,437.59,53.66,OPEN_LONG,PROBABILITY_DROP,False
bot_453_TSLA_AlgoMM.log,453,86,2025-12-09 10:10:15,EST,OPEN_SHORT,/var/www/stockwicks/models/mm2_TSLA_10min_k3.joblib,TSLA,2025-12-09 10:20:07 EST,0.405,0.595,0.55,0.5,0.45,0.5,443.93,443.88,SHORT,443.37,-5.07,OPEN_SHORT,EXIT_CONDITIONS_NOT_MET,False
bot_460_TSLA_AlgoMM.log,460,2,2025-12-09 10:32:18,EST,OPEN_LONG,/var/www/stockwicks/models/mm2_TSLA_1min_k3.joblib,TSLA,2025-12-09 10:49:19 EST,0.508,0.492,0.55,0.5,0.45,0.5,445.93,446.02,LONG,445.14,1.6,OPEN_LONG,BOTH_PROBS_BELOW_THRESHOLDS,False
bot_460_TSLA_AlgoMM.log,460,380,2025-12-09 10:50:18,EST,OPEN_LONG,/var/www/stockwicks/models/mm2_TSLA_1min_k3.joblib,TSLA,2025-12-09 11:07:20 EST,0.532,0.468,0.55,0.5,0.45,0.5,448.03,448.01,LONG,446.35,32.29,OPEN_LONG,BOTH_PROBS_BELOW_THRESHOLDS,False
bot_460_TSLA_AlgoMM.log,460,758,2025-12-09 11:08:19,EST,OPEN_LONG,/var/www/stockwicks/models/mm2_TSLA_1min_k3.joblib,TSLA,2025-12-09 13:38:17 EST,0.54,0.46,0.55,0.5,0.45,0.5,449.6,449.54,LONG,447.6,63.4,OPEN_LONG,BOTH_PROBS_BELOW_THRESHOLDS,False
bot_460_TSLA_AlgoMM.log,460,3929,2025-12-09 13:39:19,EST,OPEN_LONG,/var/www/stockwicks/models/mm2_TSLA_1min_k3.joblib,TSLA,2025-12-09 13:46:17 EST,0.518,0.482,0.55,0.5,0.45,0.5,448.4,448.39,LONG,449.24,0.8,OPEN_LONG,BOTH_PROBS_BELOW_THRESHOLDS,False
bot_460_TSLA_AlgoMM.log,460,4097,2025-12-09 13:47:17,EST,OPEN_LONG,/var/www/stockwicks/models/mm2_TSLA_1min_k3.joblib,TSLA,2025-12-09 14:31:17 EST,0.487,0.513,0.55,0.5,0.45,0.5,449.22,449.14,LONG,448.29,13.4,OPEN_LONG,BOTH_PROBS_BELOW_THRESHOLDS,False
bot_460_TSLA_AlgoMM.log,460,5042,2025-12-09 14:32:17,EST,OPEN_SHORT,/var/www/stockwicks/models/mm2_TSLA_1min_k3.joblib,TSLA,2025-12-09 14:50:17 EST,0.525,0.475,0.55,0.5,0.45,0.5,447.99,448.06,SHORT,449.28,0.0,OPEN_SHORT,BOTH_PROBS_BELOW_THRESHOLDS,False
bot_460_TSLA_AlgoMM.log,460,5441,2025-12-09 14:51:18,EST,OPEN_LONG,/var/www/stockwicks/models/mm2_TSLA_1min_k3.joblib,TSLA,2025-12-09 15:52:18 EST,0.527,0.473,0.55,0.5,0.45,0.5,446.85,446.79,LONG,448.32,-0.13,OPEN_LONG,BOTH_PROBS_BELOW_THRESHOLDS,False
bot_460_TSLA_AlgoMM.log,460,6743,2025-12-09 15:53:18,EST,OPEN_LONG,/var/www/stockwicks/models/mm2_TSLA_1min_k3.joblib,TSLA,2025-12-10 09:30:07 EST,0.512,0.488,0.55,0.5,0.45,0.5,446.06,446.01,LONG,447.25,1.84,OPEN_LONG,BOTH_PROBS_BELOW_THRESHOLDS,False
bot_460_TSLA_AlgoMM.log,460,6806,2025-12-10 09:31:07,EST,OPEN_LONG,/var/www/stockwicks/models/mm2_TSLA_1min_k3.joblib,TSLA,2025-12-10 09:37:06 EST,0.532,0.468,0.55,0.5,0.45,0.5,447.28,447.26,LONG,444.94,56.51,OPEN_LONG,BOTH_PROBS_BELOW_THRESHOLDS,False
bot_460_TSLA_AlgoMM.log,460,6953,2025-12-10 09:38:07,EST,OPEN_LONG,/var/www/stockwicks/models/mm2_TSLA_1min_k3.joblib,TSLA,2025-12-10 10:04:06 EST,0.498,0.502,0.55,0.5,0.45,0.5,444.43,444.36,LONG,447.56,-18.3,OPEN_LONG,BOTH_PROBS_BELOW_THRESHOLDS,False
bot_460_TSLA_AlgoMM.log,460,7520,2025-12-10 10:05:07,EST,OPEN_SHORT,/var/www/stockwicks/models/mm2_TSLA_1min_k3.joblib,TSLA,2025-12-10 10:07:07 EST,0.504,0.496,0.55,0.5,0.45,0.5,445.19,445.22,SHORT,444.28,0.3,OPEN_SHORT,PROBABILITY_DROP,False
bot_460_TSLA_AlgoMM.log,460,7583,2025-12-10 10:08:07,EST,OPEN_SHORT,/var/www/stockwicks/models/mm2_TSLA_1min_k3.joblib,TSLA,2025-12-10 10:09:06 EST,0.501,0.499,0.55,0.5,0.45,0.5,445.25,445.3,SHORT,445.68,0.0,OPEN_SHORT,PROBABILITY_DROP,False
bot_460_TSLA_AlgoMM.log,460,7625,2025-12-10 10:10:08,EST,OPEN_SHORT,/var/www/stockwicks/models/mm2_TSLA_1min_k3.joblib,TSLA,2025-12-10 10:32:06 EST,0.466,0.534,0.55,0.5,0.45,0.5,445.35,445.35,SHORT,445.15,-27.0,OPEN_SHORT,BOTH_PROBS_BELOW_THRESHOLDS,False
bot_460_TSLA_AlgoMM.log,460,8108,2025-12-10 10:33:07,EST,OPEN_SHORT,/var/www/stockwicks/models/mm2_TSLA_1min_k3.joblib,TSLA,2025-12-10 10:42:07 EST,0.468,0.532,0.55,0.5,0.45,0.5,445.12,445.18,SHORT,444.66,0.72,OPEN_SHORT,BOTH_PROBS_BELOW_THRESHOLDS,False
bot_460_TSLA_AlgoMM.log,460,8318,2025-12-10 10:43:07,EST,OPEN_SHORT,/var/www/stockwicks/models/mm2_TSLA_1min_k3.joblib,TSLA,2025-12-10 10:58:06 EST,0.485,0.515,0.55,0.5,0.45,0.5,445.36,445.39,SHORT,445.2,3.0,OPEN_SHORT,BOTH_PROBS_BELOW_THRESHOLDS,False
bot_460_TSLA_AlgoMM.log,460,8654,2025-12-10 10:59:07,EST,OPEN_SHORT,/var/www/stockwicks/models/mm2_TSLA_1min_k3.joblib,TSLA,2025-12-10 11:25:06 EST,0.542,0.458,0.55,0.5,0.45,0.5,446.27,446.28,SHORT,445.04,9.05,OPEN_SHORT,BOTH_PROBS_BELOW_THRESHOLDS,False
bot_460_TSLA_AlgoMM.log,460,9221,2025-12-10 11:26:07,EST,OPEN_LONG,/var/www/stockwicks/models/mm2_TSLA_1min_k3.joblib,TSLA,2025-12-10 11:29:07 EST,0.531,0.469,0.55,0.5,0.45,0.5,446.0,446.0,LONG,446.2,-3.9,OPEN_LONG,EXIT_CONDITIONS_NOT_MET,False
bot_472_TSLA_AlgoMM.log,472,44,2025-12-10 11:45:07,EST,OPEN_SHORT,/var/www/stockwicks/models/mm2_TSLA_5min_k3.joblib,TSLA,2025-12-10 12:00:07 EST,0.516,0.484,0.55,0.5,0.45,0.5,446.05,445.93,SHORT,445.65,-11.88,OPEN_SHORT,PROBABILITY_DROP,False
bot_472_TSLA_AlgoMM.log,472,128,2025-12-10 12:05:06,EST,OPEN_LONG,/var/www/stockwicks/models/mm2_TSLA_5min_k3.joblib,TSLA,2025-12-10 13:10:06 EST,0.477,0.523,0.55,0.5,0.45,0.5,445.85,445.86,LONG,446.1,-15.0,OPEN_LONG,BOTH_PROBS_BELOW_THRESHOLDS,False
bot_472_TSLA_AlgoMM.log,472,422,2025-12-10 13:15:07,EST,OPEN_SHORT,/var/www/stockwicks/models/mm2_TSLA_5min_k3.joblib,TSLA,2025-12-10 13:50:06 EST,0.527,0.473,0.55,0.5,0.45,0.5,445.34,445.34,SHORT,446.29,24.95,OPEN_SHORT,BOTH_PROBS_BELOW_THRESHOLDS,False
bot_472_TSLA_AlgoMM.log,472,590,2025-12-10 13:55:07,EST,OPEN_LONG,/var/www/stockwicks/models/mm2_TSLA_5min_k3.joblib,TSLA,2025-12-10 14:10:06 EST,0.623,0.377,0.55,0.5,0.45,0.5,448.62,448.63,LONG,444.88,93.75,OPEN_LONG,EXIT_CONDITIONS_NOT_MET,False
bot_472_TSLA_AlgoMM.log,472,674,2025-12-10 14:15:06,EST,OPEN_LONG,/var/www/stockwicks/models/mm2_TSLA_5min_k3.joblib,TSLA,2025-12-10 14:15:06 EST,0.626,0.374,0.55,0.5,0.45,0.5,448.24,448.34,LONG,448.34,0.0,OPEN_LONG,LONG_CONDITIONS_MET,True
bot_473_TSLA_AlgoMM.log,473,2,2025-12-11 00:40:06,EST,OPEN_SHORT,/var/www/stockwicks/models/mm2_TSLA_5min_k3.joblib,TSLA,2025-12-11 00:40:06 EST,0.382,0.618,0.55,0.5,0.45,0.5,454.12,451.44,SHORT,451.44,0.0,OPEN_SHORT,SHORT_CONDITIONS_MET,True
bot_474_TSLA_AlgoMM.log,474,2,2025-12-11 09:30:07,EST,OPEN_SHORT,/var/www/stockwicks/models/mm2_TSLA_5min_k3.joblib,TSLA,2025-12-12 09:30:06 EST,0.577,0.423,0.6,0.55,0.4,0.45,448.09,448.09,SHORT,448.79,179.38,OPEN_SHORT,BOTH_PROBS_BELOW_THRESHOLDS,False
bot_474_TSLA_AlgoMM.log,474,1640,2025-12-12 09:35:07,EST,OPEN_LONG,/var/www/stockwicks/models/mm2_TSLA_5min_k3.joblib,TSLA,2025-12-12 10:20:06 EST,0.439,0.561,0.6,0.55,0.4,0.45,456.35,456.38,LONG,452.86,112.0,OPEN_LONG,BOTH_PROBS_BELOW_THRESHOLDS,False
bot_474_TSLA_AlgoMM.log,474,1850,2025-12-12 10:25:08,EST,OPEN_SHORT,/var/www/stockwicks/models/mm2_TSLA_5min_k3.joblib,TSLA,2025-12-12 12:35:06 EST,0.549,0.451,0.6,0.55,0.4,0.45,448.76,448.74,SHORT,452.5,201.25,OPEN_SHORT,LOW_VOLUME,False
bot_474_TSLA_AlgoMM.log,474,2417,2025-12-12 12:40:06,EST,OPEN_LONG,/var/www/stockwicks/models/mm2_TSLA_5min_k3.joblib,TSLA,2025-12-12 15:45:05 EST,0.585,0.415,0.6,0.55,0.4,0.45,456.09,456.11,LONG,449.73,-9.74,OPEN_LONG,BOTH_PROBS_BELOW_THRESHOLDS,False
bot_474_TSLA_AlgoMM.log,474,3215,2025-12-12 15:50:06,EST,OPEN_LONG,,TSLA,2025-12-15 10:05:04 EST,0.0,0.0,0.6,0.55,0.4,0.45,0.0,0.0,LONG,457.72,0.0,OPEN_LONG,RAW_DF_EMPTY,False
bot_474_TSLA_AlgoMM.log,474,3404,2025-12-15 10:10:06,EST,OPEN_LONG,/var/www/stockwicks/models/mm2_TSLA_5min_k3.joblib,TSLA,2025-12-15 10:10:06 EST,0.62,0.38,0.6,0.55,0.4,0.45,475.82,475.9,LONG,475.9,0.0,OPEN_LONG,LONG_CONDITIONS_MET,True
bot_476_TSLA_AlgoMM.log,476,44,2025-12-15 10:25:06,EST,OPEN_SHORT,/var/www/stockwicks/models/mm2_TSLA_5min_k3.joblib,TSLA,2025-12-15 10:45:06 EST,0.669,0.331,0.6,0.55,0.4,0.45,479.05,479.07,SHORT,473.23,-4.8,OPEN_SHORT,LOW_VOLUME,False
bot_477_TSLA_AlgoMM.log,477,162,2025-12-15 12:10:06,EST,OPEN_LONG,/var/www/stockwicks/models/mm2_TSLA_5min_k3.joblib,TSLA,,0.316,0.684,0.6,0.55,0.4,0.45,,,LONG,476.65,2.18,OPEN_LONG,LOW_VOLUME,False
bot_477_TSLA_AlgoMM.log,477,370,2025-12-15 13:15:06,EST,OPEN_SHORT,/var/www/stockwicks/models/mm2_TSLA_5min_k3.joblib,TSLA,,0.451,0.549,0.6,0.55,0.4,0.45,,,SHORT,477.62,3.22,OPEN_SHORT,BOTH_PROBS_BELOW_THRESHOLDS,False
bot_478_TSLA_AlgoMM.log,478,50,2025-12-16 09:45:08,EST,OPEN_LONG,/var/www/stockwicks/models/mm2_TSLA_5min_k3.joblib,TSLA,,0.529,0.471,0.6,0.55,0.4,0.45,,,LONG,472.9,182.87,OPEN_LONG,LOW_VOLUME,False
bot_479_TSLA_AlgoMM.log,479,258,2025-12-16 14:05:06,EST,OPEN_SHORT,/var/www/stockwicks/models/mm2_TSLA_5min_k3.joblib,TSLA,,0.492,0.508,0.6,0.55,0.4,0.45,,,SHORT,478.71,0.0,OPEN_SHORT,BOTH_PROBS_BELOW_THRESHOLDS,False
bot_479_TSLA_AlgoMM.log,479,546,2025-12-16 15:35:06,EST,OPEN_LONG,/var/www/stockwicks/models/mm2_TSLA_5min_k3.joblib,TSLA,,0.612,0.388,0.6,0.55,0.4,0.45,,,LONG,489.01,21.35,OPEN_LONG,EXIT_CONDITIONS_NOT_MET,False
bot_479_TSLA_AlgoMM.log,479,610,2025-12-17 09:30:08,EST,OPEN_LONG,/var/www/stockwicks/models/mm2_TSLA_5min_k3.joblib,TSLA,,0.582,0.418,0.6,0.55,0.4,0.45,,,LONG,488.09,106.05,OPEN_LONG,BOTH_PROBS_BELOW_THRESHOLDS,False
bot_479_TSLA_AlgoMM.log,479,1874,2025-12-18 09:40:06,EST,OPEN_LONG,/var/www/stockwicks/models/mm2_TSLA_5min_k3.joblib,TSLA,,0.676,0.324,0.6,0.55,0.4,0.45,,,LONG,475.4,187.25,OPEN_LONG,PEAK_EXIT_LONG cur=0.676 peak=0.780 thr=0.730 drop=0.050,False
bot_479_TSLA_AlgoMM.log,479,1970,2025-12-18 10:10:06,EST,OPEN_LONG,/var/www/stockwicks/models/mm2_TSLA_5min_k3.joblib,TSLA,,0.414,0.586,0.6,0.55,0.4,0.45,,,LONG,480.38,106.58,OPEN_LONG,BOTH_PROBS_BELOW_THRESHOLDS,False
bot_479_TSLA_AlgoMM.log,479,3154,2025-12-19 09:55:07,EST,OPEN_SHORT,/var/www/stockwicks/models/mm2_TSLA_5min_k3.joblib,TSLA,,0.416,0.584,0.6,0.55,0.4,0.45,,,SHORT,482.92,-21.45,OPEN_SHORT,PEAK_EXIT_SHORT cur=0.584 peak=0.656 thr=0.586 drop=0.070,False
bot_479_TSLA_AlgoMM.log,479,3250,2025-12-19 10:25:06,EST,OPEN_SHORT,/var/www/stockwicks/models/mm2_TSLA_5min_k3.joblib,TSLA,,0.587,0.413,0.6,0.55,0.4,0.45,,,SHORT,482.04,117.78,OPEN_SHORT,LOW_VOLUME,False
bot_479_TSLA_AlgoMM.log,479,3650,2025-12-19 12:30:06,EST,OPEN_LONG,/var/www/stockwicks/models/mm2_TSLA_5min_k3.joblib,TSLA,,0.557,0.443,0.6,0.55,0.4,0.45,,,LONG,479.34,-2.83,OPEN_LONG,BOTH_PROBS_BELOW_THRESHOLDS,False
bot_488_TSLA_AlgoMM.log,488,18,2025-12-22 09:35:25,EST,OPEN_LONG,/var/www/stockwicks/models/mm2_TSLA_5min_k3.joblib,TSLA,,0.81,0.19,0.6,0.55,0.4,0.45,,,LONG,493.89,121.75,OPEN_LONG,EXIT_CONDITIONS_NOT_MET,False
bot_488_TSLA_AlgoMM.log,488,98,2025-12-22 10:00:25,EST,OPEN_LONG,/var/www/stockwicks/models/mm2_TSLA_5min_k3.joblib,TSLA,,0.642,0.358,0.6,0.55,0.4,0.45,,,LONG,493.88,0.0,OPEN_LONG,LONG_CONDITIONS_MET,True
bot_490_TSLA_AlgoMM.log,490,66,2025-12-23 09:50:09,EST,OPEN_SHORT,/var/www/stockwicks/models/mm2_TSLA_5min_k3.joblib,TSLA,,0.56,0.44,0.6,0.55,0.4,0.45,,,SHORT,489.19,113.75,OPEN_SHORT,BOTH_PROBS_BELOW_THRESHOLDS,False
bot_490_TSLA_AlgoMM.log,490,1186,2025-12-23 15:40:09,EST,OPEN_LONG,/var/www/stockwicks/models/mm2_TSLA_5min_k3.joblib,TSLA,,0.652,0.348,0.6,0.55,0.4,0.45,,,LONG,485.71,6.96,OPEN_LONG,EXIT_CONDITIONS_NOT_MET,False
bot_490_TSLA_AlgoMM.log,490,1218,2025-12-23 15:50:09,EST,OPEN_LONG,/var/www/stockwicks/models/mm2_TSLA_5min_k3.joblib,TSLA,,0.637,0.363,0.6,0.55,0.4,0.45,,,LONG,486.16,0.0,OPEN_LONG,LONG_CONDITIONS_MET,True
bot_490_TSLA_AlgoMM.log,490,1234,2025-12-24 09:30:08,EST,OPEN_LONG,/var/www/stockwicks/models/mm2_TSLA_5min_k3.joblib,TSLA,,0.409,0.591,0.6,0.55,0.4,0.45,,,LONG,488.22,-310.5,OPEN_LONG,BOTH_PROBS_BELOW_THRESHOLDS,False
bot_490_TSLA_AlgoMM.log,490,1330,2025-12-24 10:00:10,EST,OPEN_SHORT,/var/www/stockwicks/models/mm2_TSLA_5min_k3.joblib,TSLA,,0.523,0.477,0.6,0.55,0.4,0.45,,,SHORT,480.34,35.51,OPEN_SHORT,BOTH_PROBS_BELOW_THRESHOLDS,False
